"linha_original";"grupo";"ajustado";"residuo";"residuo_padronizado"
1;"A";86,2000000000001;-0,200000000000069;-0,0743157297466692
2;"A";86,2;-3,19999999999999;-1,18905167594629
3;"A";86,2;4,80000000000002;1,78357751391945
4;"A";86,2;-2,19999999999998;-0,817473027213071
5;"A";86,2;0,800000000000016;0,297262918986579
6;"B";88,8;-0,799999999999999;-0,297262918986573
7;"B";88,8;-1,8;-0,668841567719791
8;"B";88,8;5,2;1,93220897341273
9;"B";88,8;-2,8;-1,04042021645301
10;"B";88,8;0,200000000000001;0,0743157297466437
11;"C";102,5;2,5;0,959411945566671
12;"C";102,5;1,5;0,575647167340002
13;"C";102,5;-0,499999999999999;-0,191882389113334
14;"C";102,5;-3,5;-1,34317672379334
15;"D";92,6;1,4;0,520210108226504
16;"D";92,6;-1,6;-0,594525837973147
17;"D";92,6;-3,6;-1,33768313543958
18;"D";92,6;-0,599999999999999;-0,22294718923993
19;"D";92,6;4,4;1,63494605442615
